"maxVal"	"cluster"	"correct"	"trueCluster"	"B2M.CD70.PD1.FAS.COM"	"BCL2.COMP"	"TP53.BIALLELIC"	"PI3K.MOD"	"BLC10.NOTCH2.A20.SPEN"	"CHROM.MOD.ENZYMES"	"HIST.COMP"	"NFKBALT.RASALT.JAK.STAT.ALT.RHOA.SGK1.KLH6.CD58.CD83"	"SUMC4.MUT"	"MYD88.L265"	"MYD88.OTHER"	"CD79B.MYD88.TBL1XR1.BLIMP.ETV6.ZC3H12A"	"SV.TP63"	"SV.BCL6"	"X21Q.AMP"	"SUM.CNAS.C2"	"SUMCNAS.C5"	"X2P16.1.AMP"	"X9P21.3.DEL"	"X18Q.AMP"
"dlbcl_ls2154"	0.35	5	FALSE	1	0	0	0	0	0	0	0	2	2	0	0	0	0	0	0	0	0	0	0	0
"dlbcl_c_d_1146_nullpair"	0.3528	5	FALSE	1	1	0	0	0	0	0	1	2	5	0	0	0	3	0	0	6	0	2	0	0
"dlbcl_ricover_910"	0.3832	2	FALSE	1	0	0	0	0	0	0	2	0	2	0	0	0	0	0	0	1	0	0	0	0
"dlbcl_c_d_1112_nullpair"	0.3942	1	TRUE	1	2	0	0	0	0	2	0	2	2	0	0	0	3	0	1	3	2	0	0	0
"dlbcl_ricover_473"	0.403	4	FALSE	1	0	0	0	0	6	2	2	0	4	0	0	2	0	0	0	4	2	0	0	0
"dlbcl_mc_f139_ad"	0.438	5	FALSE	1	2	0	2	2	2	0	4	0	12	0	0	0	0	3	0	1	0	0	0	0
"dlbcl_ricover_575"	0.4472	1	TRUE	1	4	0	0	2	2	0	2	0	4	0	0	0	0	0	0	3	1	0	0	0
"dlbcl_c_d_1106_nullpair"	0.4556	3	FALSE	1	0	0	0	0	4	0	2	0	2	0	0	0	0	3	0	9	2	0	1	0
"dlbcl_ls3809"	0.4694	1	TRUE	1	2	0	0	0	0	0	0	0	0	0	0	4	0	3	1	3	2	0	0	1
"dlbcl_ls3866"	0.5156	1	TRUE	1	0	0	0	0	2	0	2	2	4	0	0	0	0	0	0	1	0	0	0	0
"dfcidl004_dt"	0.5166	1	TRUE	1	3	0	0	0	4	0	2	0	2	0	0	4	0	0	0	0	0	0	0	0
"dlbcl_ls2595"	0.522	1	TRUE	1	2	0	0	0	0	0	0	0	0	0	0	0	0	0	0	0	0	0	0	0
"dlbcl_c_d_1154_nullpair"	0.5592	1	TRUE	1	2	0	0	0	0	0	0	0	0	0	0	0	3	0	0	4	1	0	0	0
"dlbcl_ls2367"	0.5948	1	TRUE	1	2	0	0	2	0	0	1	4	5	0	0	2	0	3	0	5	2	0	0	1
"dlbcl_ricover_826"	0.6188	1	TRUE	1	2	0	1	2	2	0	2	2	8	0	0	2	0	3	0	5	1	0	0	0
"dlbcl_bwh_dlbcl64"	0.6292	5	FALSE	1	0	0	0	0	0	2	6	4	10	0	0	0	0	3	0	8	0	2	0	0
"dlbcl_c_d_1132_nullpair"	0.6354	1	TRUE	1	2	0	0	0	2	0	0	2	5	0	0	0	0	0	0	1	0	0	0	0
"dlbcl_ricover_181"	0.638	1	TRUE	1	0	0	0	0	4	2	1	4	5	0	0	2	0	3	0	3	2	0	0	1
"dfcidl001_dt"	0.646	1	TRUE	1	5	0	0	2	2	0	2	2	4	0	0	0	0	3	0	7	0	2	0	0
"dlbcl_ls2978"	0.6618	1	TRUE	1	4	0	2	0	0	0	4	0	4	0	2	2	3	3	0	6	0	2	0	0
"dlbcl_ricover_120"	0.674	1	TRUE	1	2	0	0	0	2	2	0	0	0	0	0	2	0	3	0	4	2	0	0	0
"dlbcl_ricover_1144"	0.687	1	TRUE	1	2	0	0	0	2	0	2	2	6	2	2	4	0	3	0	1	0	0	0	0
"dlbcl_ricover_829"	0.7262	1	TRUE	1	2	0	2	0	4	0	1	0	4	0	2	5	0	3	0	5	2	0	0	0
"dlbcl_ls1757"	0.7276	1	TRUE	1	4	0	1	0	2	2	0	4	4	0	2	2	3	3	0	7	0	0	0	0
"dlbcl_mc_f132_mlm"	0.7398	1	TRUE	1	0	0	0	0	4	0	2	2	4	0	2	4	0	3	0	1	0	0	0	0
"dlbcl_mc_f648_jkw"	0.7468	1	TRUE	1	2	0	2	0	0	0	0	2	4	0	0	0	0	3	0	4	2	0	0	0
"dlbcl_c_d_1114_nullpair"	0.7494	1	TRUE	1	2	0	0	0	0	0	4	0	4	0	2	2	0	3	0	2	0	0	0	0
"dlbcl_ricover_1150"	0.77	1	TRUE	1	5	0	0	0	0	0	1	2	3	0	0	2	0	3	1	4	2	0	0	1
"dlbcl_c_d_1155_nullpair"	0.7754	1	TRUE	1	2	0	0	0	0	0	0	0	0	0	0	0	0	3	0	3	0	2	0	0
"dlbcl_ricover_865"	0.859	1	TRUE	1	5	0	1	1	4	0	2	3	5	0	0	0	0	3	0	5	2	0	0	0
"dlbcl_c_d_1128_nullpair"	0.8674	1	TRUE	1	2	0	0	0	0	0	0	0	0	0	0	0	0	3	0	0	0	0	0	0
"dlbcl_ricover_478"	0.8702	4	FALSE	1	0	0	0	0	2	0	0	0	0	0	2	2	0	0	0	6	4	0	0	1
"dlbcl_ricover_290"	0.8738	1	TRUE	1	4	0	0	0	3	1	2	0	2	0	2	2	0	3	0	2	1	1	0	0
"dlbcl_ls378"	0.8978	1	TRUE	1	2	0	0	0	2	2	3	0	3	0	2	2	0	3	0	3	0	0	0	0
"dlbcl_mayo_dlbcl_5613"	0.914	1	TRUE	1	2	0	0	0	2	0	0	2	2	0	0	0	0	3	0	3	2	0	0	0
"dlbcl_ricover_694"	0.9162	1	TRUE	1	2	0	0	0	0	0	2	0	2	0	0	0	0	3	0	0	0	0	0	0
"dfcidl010_dt"	0.9176	1	TRUE	1	4	0	0	0	2	0	2	2	4	0	0	0	0	3	0	2	0	0	0	0
"dlbcl_c_d_1130_nullpair"	0.9638	1	TRUE	1	2	0	0	0	4	1	2	0	2	0	0	0	3	3	0	6	0	0	0	0
"dlbcl_c_d_1123_nullpair"	0.9646	1	TRUE	1	5	0	0	0	4	0	2	0	4	0	0	0	0	3	0	6	1	0	0	0
"dlbcl_mayo_dlbcl_234"	0.3124	2	TRUE	2	0	0	0	2	2	4	4	2	6	0	0	4	0	0	0	2	0	2	0	0
"dlbcl_mc_f927_jhs"	0.3452	4	FALSE	2	0	0	0	0	0	0	0	0	0	0	0	0	0	0	0	1	0	0	0	0
"dlbcl_ricover_197"	0.3714	5	FALSE	2	0	0	0	0	0	0	0	0	4	0	0	0	0	0	0	4	0	0	0	0
"dlbcl_mc_f362_mjb1"	0.3788	3	FALSE	2	0	3	1	0	0	4	0	0	2	0	0	2	0	0	0	8	0	0	1	0
"dlbcl_ricover_978"	0.3914	2	TRUE	2	2	0	0	2	6	4	4	0	6	0	0	0	0	0	0	7	1	1	0	0
"dlbcl_ls762"	0.3946	2	TRUE	2	0	0	0	0	0	2	0	2	2	0	0	0	0	0	0	0	2	0	0	1
"dlbcl_ricover_577"	0.4048	2	TRUE	2	0	0	0	3	2	6	2	0	2	0	0	0	0	0	0	3	4	0	0	2
"dlbcl_mc_f815_bat"	0.4168	2	TRUE	2	0	5	0	0	0	2	1	4	7	0	2	3	3	0	0	6	1	2	0	0
"dlbcl_ls2245"	0.4434	2	TRUE	2	2	5	1	0	0	4	0	4	4	0	0	0	0	3	0	11	1	1	0	0
"dlbcl_c_d_1141_nullpair"	0.459	2	TRUE	2	0	5	0	2	2	4	0	0	0	0	0	0	0	0	2	6	3	2	0	2
"dlbcl_c_d_1162_nullpair"	0.4862	2	TRUE	2	0	0	0	2	0	2	1	2	3	0	0	0	0	0	0	2	0	0	0	0
"dlbcl_ricover_208"	0.4986	2	TRUE	2	0	4	3	1	0	0	0	2	2	0	0	0	0	0	0	13	0	0	1	0
"dlbcl_ls4619"	0.5002	2	TRUE	2	0	5	0	0	0	0	2	2	4	0	0	2	0	0	0	6	0	1	1	0
"dlbcl_ricover_440"	0.5024	2	TRUE	2	0	5	2	3	0	2	0	2	2	0	0	0	0	0	0	15	1	1	1	0
"dlbcl_ls155"	0.5072	2	TRUE	2	0	5	0	2	0	2	4	4	10	0	0	0	0	0	0	0	0	0	0	0
"dlbcl_c_d_1110_nullpair"	0.5072	2	TRUE	2	0	5	0	0	4	2	5	1	6	0	0	0	0	0	0	3	2	0	0	1
"dlbcl_ls4593"	0.5086	2	TRUE	2	0	3	0	1	0	2	4	0	4	0	0	0	0	0	0	7	0	0	0	0
"dlbcl_ls3615"	0.5334	2	TRUE	2	0	0	0	2	0	0	0	0	0	0	0	0	0	0	0	1	0	0	0	0
"dlbcl_ls2325"	0.5642	2	TRUE	2	0	5	0	2	2	0	2	0	2	0	0	0	0	0	0	10	2	0	0	1
"dlbcl_ricover_269"	0.5738	2	TRUE	2	0	5	0	0	0	2	0	4	4	0	0	0	0	0	0	7	2	0	0	1
"dlbcl_ricover_384"	0.58	2	TRUE	2	0	2	0	7	0	4	2	0	2	0	0	0	0	0	0	15	0	1	1	0
"dlbcl_ricover_463"	0.5898	2	TRUE	2	0	0	0	2	0	2	0	2	2	0	0	0	0	0	0	3	0	1	0	0
"dfcidl009_dt"	0.6036	2	TRUE	2	0	1	0	2	0	2	0	0	0	0	0	0	0	0	1	6	1	1	0	0
"dlbcl_ls2599"	0.6144	2	TRUE	2	2	5	0	4	0	0	0	2	6	0	0	0	0	0	0	4	0	0	0	0
"dlbcl_mc_f344_cjs"	0.6166	2	TRUE	2	0	5	0	5	0	4	0	6	8	0	2	2	0	0	0	6	0	1	0	0
"dlbcl_ricover_320"	0.6224	2	TRUE	2	0	0	0	2	0	0	0	0	0	0	0	0	0	0	1	3	0	0	0	0
"dlbcl_ricover_111"	0.627	2	TRUE	2	0	0	0	2	2	2	0	0	0	0	0	1	0	0	0	3	2	1	0	1
"dlbcl_ricover_216"	0.6524	4	FALSE	2	0	0	0	0	0	0	0	0	0	0	0	0	0	0	0	0	2	0	0	1
"dlbcl_mc_f606_dmj"	0.655	2	TRUE	2	0	5	1	1	0	2	0	0	0	0	0	0	0	0	1	8	0	0	1	0
"dlbcl_ricover_1046"	0.6748	3	FALSE	2	0	3	3	1	0	4	0	0	0	0	0	0	0	0	0	12	3	0	0	1
"dlbcl_ls1395"	0.6942	2	TRUE	2	0	4	3	0	0	4	0	2	2	0	0	0	0	0	0	6	0	0	0	0
"dlbcl_ls1098"	0.714	2	TRUE	2	2	4	0	2	0	4	2	2	4	0	0	0	0	0	0	2	1	0	0	0
"dlbcl_ls2305"	0.7172	2	TRUE	2	2	5	1	5	0	2	3	0	5	0	0	0	0	0	0	10	0	1	0	0
"dlbcl_ls4616"	0.7438	2	TRUE	2	0	5	3	0	0	4	0	4	4	0	0	0	0	0	0	6	0	0	0	0
"dlbcl_ricover_469"	0.752	2	TRUE	2	2	5	0	2	2	4	0	0	0	0	0	0	0	0	0	2	0	0	0	0
"dlbcl_ls843"	0.8688	2	TRUE	2	0	5	0	2	0	6	0	2	4	0	0	2	0	0	0	6	0	1	0	0
"dlbcl_ls297"	0.874	2	TRUE	2	0	5	0	3	0	4	2	2	6	0	0	0	0	0	0	4	1	0	0	0
"dlbcl_c_d_1113_nullpair"	0.893	2	TRUE	2	0	0	0	2	0	2	0	0	0	0	0	0	0	0	0	2	0	1	0	0
"dlbcl_ls1620"	0.9204	2	TRUE	2	0	5	0	5	0	6	0	0	0	0	0	0	0	0	0	1	0	0	0	0
"dlbcl_mc_f358_wds"	0.9282	2	TRUE	2	0	5	0	3	0	4	4	0	4	0	0	0	0	0	0	3	0	0	0	0
"dlbcl_c_d_1127_nullpair"	0.9652	2	TRUE	2	0	5	0	3	0	4	0	0	0	0	0	0	0	0	0	4	0	0	0	0
"dlbcl_ls4054"	0.2996	1	FALSE	3	0	0	0	0	0	0	0	2	2	0	0	0	0	0	0	3	0	0	1	0
"dlbcl_mc_f210_gwc"	0.3242	5	FALSE	3	0	0	0	0	0	0	2	2	4	0	0	0	0	0	0	7	1	1	0	1
"dlbcl_ricover_787"	0.3724	5	FALSE	3	0	0	0	2	2	0	0	6	6	0	0	0	0	0	0	9	0	0	0	0
"dlbcl_c_d_1135_nullpair"	0.4014	3	TRUE	3	3	0	2	1	0	2	6	0	6	0	0	0	0	3	1	15	4	0	0	1
"dlbcl_ls3204"	0.4068	3	TRUE	3	2	0	0	0	0	0	2	2	4	0	0	0	0	0	1	9	0	1	0	0
"dlbcl_ricover_1165"	0.411	4	FALSE	3	0	0	3	0	0	2	0	0	0	0	2	2	0	0	0	6	2	0	0	0
"dlbcl_c_d_1131_nullpair"	0.4124	3	TRUE	3	0	0	2	0	2	2	0	0	0	2	0	4	0	0	0	11	0	0	0	0
"dlbcl_c_d_1118_nullpair"	0.4184	3	TRUE	3	0	0	0	0	0	0	0	0	2	0	0	1	0	3	0	11	0	2	1	0
"dlbcl_ricover_678"	0.4228	3	TRUE	3	3	0	3	0	2	0	0	0	0	0	0	0	0	0	0	4	3	0	0	2
"dlbcl_ricover_1169"	0.4466	2	FALSE	3	0	0	0	0	0	0	0	0	0	0	0	0	0	0	1	2	0	1	0	0
"dlbcl_mc_f990_mna"	0.4706	3	TRUE	3	0	0	1	0	1	0	0	2	2	2	0	6	0	0	0	20	3	1	1	0
"dlbcl_ls88"	0.4728	3	TRUE	3	0	3	3	0	0	0	0	0	0	0	0	0	0	0	0	10	3	0	1	0
"dlbcl_c_d_1111_nullpair"	0.485	2	FALSE	3	0	0	0	0	0	0	0	0	0	0	0	0	0	0	1	1	0	0	0	0
"dlbcl_c_d_1152_nullpair"	0.507	3	TRUE	3	0	0	1	3	0	0	0	2	2	0	0	2	0	0	0	17	1	1	1	0
"dlbcl_ls2328"	0.509	3	TRUE	3	2	3	3	3	0	4	4	0	4	0	0	0	0	0	1	16	0	0	0	0
"dlbcl_c_d_1108_nullpair"	0.5214	3	TRUE	3	0	0	2	0	0	0	0	0	1	0	0	0	0	0	1	8	6	0	0	1
"dlbcl_mc_f959_erm"	0.5218	4	FALSE	3	3	0	2	0	0	2	2	0	2	2	0	2	0	3	0	12	6	2	0	2
"dlbcl_ricover_822"	0.5224	4	FALSE	3	0	0	2	0	0	2	2	0	2	0	0	0	0	0	0	10	6	1	1	2
"dlbcl_ricover_1072"	0.5318	3	TRUE	3	0	0	0	0	0	0	2	4	8	0	2	2	0	0	0	19	1	1	1	0
"dlbcl_ricover_1210"	0.5338	3	TRUE	3	0	0	3	0	0	4	2	2	4	0	0	0	0	0	2	8	0	0	0	0
"dlbcl_ricover_533"	0.5356	3	TRUE	3	0	0	0	2	0	0	0	6	6	0	0	0	0	0	1	18	2	1	0	1
"dlbcl_ls3309"	0.5454	3	TRUE	3	0	5	3	3	0	4	0	0	0	0	0	0	0	0	0	20	2	1	0	0
"dlbcl_ricover_780"	0.5488	3	TRUE	3	0	2	3	2	0	2	2	2	4	0	0	0	0	0	0	14	3	2	0	0
"dlbcl_ls1668"	0.5498	3	TRUE	3	0	5	3	1	2	2	6	2	12	0	0	0	0	0	0	18	3	2	1	1
"dlbcl_ls1921"	0.5586	3	TRUE	3	0	3	1	2	0	0	2	4	8	0	0	0	0	0	1	20	0	2	0	0
"dlbcl_dfci_dlbcl_goe05"	0.5624	4	FALSE	3	0	0	3	0	0	2	0	0	0	2	0	2	0	0	1	5	3	0	0	1
"dlbcl_ricover_1060"	0.5722	4	FALSE	3	2	0	0	0	0	0	0	0	0	0	0	0	0	0	0	4	3	0	0	1
"dlbcl_ricover_299"	0.6012	3	TRUE	3	0	5	1	2	0	4	0	0	0	0	0	1	0	0	1	23	3	2	1	1
"dlbcl_dfci_dlbcl_goe07"	0.6066	3	TRUE	3	0	0	1	0	0	0	0	0	0	0	0	0	0	0	1	7	2	0	1	1
"dlbcl_ls2089"	0.6068	4	FALSE	3	0	0	3	0	0	0	0	0	0	2	0	4	0	0	0	15	5	0	0	2
"dlbcl_mc_f089_hcz"	0.6608	3	TRUE	3	0	2	2	0	0	2	0	4	4	0	0	2	0	0	1	16	1	0	1	0
"dlbcl_mc_f739_ama3"	0.6836	3	TRUE	3	0	5	3	2	0	4	3	2	5	0	0	0	0	0	2	21	2	0	1	1
"dlbcl_ricover_335"	0.6876	3	TRUE	3	0	0	3	0	0	0	4	4	8	0	0	0	0	0	1	19	1	2	1	0
"dlbcl_ricover_839"	0.691	3	TRUE	3	0	0	3	0	0	0	0	2	2	0	0	0	0	0	1	8	0	0	1	0
"dlbcl_ls2258"	0.6964	3	TRUE	3	0	0	3	0	0	0	0	0	0	0	0	0	0	0	0	9	0	0	0	0
"dlbcl_ricover_623"	0.7096	3	TRUE	3	0	0	1	0	0	2	0	0	4	0	0	0	0	0	1	14	2	2	0	0
"dlbcl_ricover_253"	0.7192	3	TRUE	3	0	0	3	0	0	2	0	0	0	0	0	0	0	3	0	24	1	1	1	0
"dlbcl_ricover_325"	0.7196	3	TRUE	3	0	0	2	0	0	0	0	0	0	0	0	0	0	0	0	7	1	1	1	0
"dlbcl_ricover_174"	0.7382	3	TRUE	3	2	0	3	1	2	0	0	0	0	0	0	0	0	0	1	18	1	0	0	0
"dlbcl_ricover_1235"	0.746	3	TRUE	3	0	5	3	1	2	3	0	0	2	0	0	0	0	0	2	18	1	2	0	1
"dlbcl_ls146"	0.7878	3	TRUE	3	0	0	3	1	2	0	0	2	2	0	0	0	0	0	1	18	5	2	0	1
"dlbcl_mc_f729_man"	0.8046	3	TRUE	3	0	0	2	0	0	1	1	0	1	0	0	0	0	0	0	7	1	0	1	0
"dlbcl_ls3749"	0.8068	3	TRUE	3	0	0	0	1	0	0	2	0	4	0	0	0	0	0	1	19	2	2	1	0
"dlbcl_ricover_126"	0.8116	3	TRUE	3	0	5	3	2	0	2	0	0	0	0	0	0	0	0	2	17	1	2	1	0
"dfcidl003_dt"	0.8406	3	TRUE	3	0	3	3	3	0	2	0	2	2	0	0	0	0	3	1	21	1	2	1	0
"dlbcl_mayo_dlbcl_7359"	0.8908	3	TRUE	3	3	0	3	0	0	0	1	0	3	0	0	0	0	0	1	18	6	2	0	1
"dlbcl_ricover_288"	0.956	3	TRUE	3	0	0	2	0	0	0	2	0	3	0	0	0	0	0	1	16	1	2	1	0
"dfcidl008_dt"	0.3326	3	FALSE	4	0	0	0	0	0	2	0	2	2	0	0	2	0	0	0	3	0	0	2	0
"dlbcl_ricover_1278"	0.3814	4	TRUE	4	0	1	2	0	0	0	7	0	10	0	2	3	0	0	0	1	3	0	0	1
"dlbcl_ricover_850"	0.4222	3	FALSE	4	0	0	0	0	0	0	0	0	2	0	2	6	0	0	1	7	2	1	0	0
"dlbcl_c_d_1105_nullpair"	0.431	1	FALSE	4	0	0	1	0	4	2	1	0	1	0	0	2	0	0	0	4	2	0	0	0
"dlbcl_ricover_506"	0.438	3	FALSE	4	0	0	0	1	0	0	0	0	0	0	0	2	0	0	0	11	5	1	1	1
"dlbcl_ls2208"	0.457	2	FALSE	4	0	0	0	0	0	0	0	0	0	0	0	0	0	0	0	1	2	0	0	0
"dlbcl_c_d_1163_nullpair"	0.4586	4	TRUE	4	0	0	0	0	0	0	2	2	6	2	0	8	0	0	0	0	2	0	0	0
"dlbcl_c_d_1140_nullpair"	0.464	4	TRUE	4	0	0	0	0	0	0	0	0	0	0	0	2	0	0	0	0	0	0	0	0
"dlbcl_ricover_467"	0.4724	3	FALSE	4	3	0	3	0	0	2	0	0	0	0	0	6	3	0	0	9	8	0	0	2
"dlbcl_ricover_1032"	0.492	3	FALSE	4	0	0	3	0	0	0	2	2	4	2	0	6	0	0	0	11	4	0	0	0
"dlbcl_ricover_431"	0.5118	4	TRUE	4	0	0	0	0	0	0	2	2	8	2	0	4	0	0	0	6	3	0	0	0
"dlbcl_ls1304"	0.5164	4	TRUE	4	0	3	0	0	0	0	0	0	0	0	0	4	0	0	0	0	2	0	0	0
"dlbcl_ricover_763"	0.5194	4	TRUE	4	0	0	1	0	0	0	0	2	2	0	0	2	0	0	0	9	4	0	0	1
"dlbcl_ls1683"	0.5206	4	TRUE	4	0	0	2	0	0	2	0	2	2	0	0	2	0	0	0	6	6	1	0	2
"dlbcl_ricover_105"	0.5368	4	TRUE	4	0	0	1	0	2	0	0	0	0	0	0	0	0	0	0	4	3	0	1	1
"dlbcl_ricover_704"	0.5438	4	TRUE	4	2	0	0	0	0	0	0	0	0	0	0	2	0	0	0	1	5	0	0	0
"dlbcl_ricover_1204"	0.565	4	TRUE	4	0	0	0	1	0	2	8	0	10	0	0	6	0	0	0	5	3	0	1	2
"dlbcl_ricover_173"	0.5654	4	TRUE	4	0	0	0	0	0	0	2	0	2	2	0	6	0	0	0	0	0	0	0	0
"dlbcl_ricover_585"	0.5728	4	TRUE	4	3	0	0	0	0	0	0	2	3	2	0	6	0	3	0	5	7	0	1	1
"dlbcl_ricover_1190"	0.5788	4	TRUE	4	0	0	0	0	0	2	0	0	0	0	0	0	0	3	0	2	4	0	0	1
"dlbcl_ls148"	0.58	4	TRUE	4	0	0	0	0	0	0	0	2	2	0	0	3	0	0	0	2	2	0	0	2
"dlbcl_c_d_1104_nullpair"	0.5934	4	TRUE	4	0	0	3	0	0	0	0	0	0	2	0	4	0	0	0	4	3	0	0	1
"dlbcl_ricover_99"	0.6068	4	TRUE	4	0	0	0	0	2	0	0	0	0	0	2	4	0	0	0	1	4	0	0	1
"dlbcl_mc_f339_jps2"	0.6304	4	TRUE	4	5	0	0	0	0	0	1	0	1	0	0	4	0	0	0	2	4	0	0	1
"dlbcl_c_d_1120_nullpair"	0.6352	4	TRUE	4	0	0	0	0	0	2	0	0	0	0	0	2	0	0	0	3	2	0	0	1
"dlbcl_ricover_1287"	0.6588	4	TRUE	4	0	0	0	0	0	0	0	0	0	0	0	0	0	0	0	1	3	0	0	1
"dlbcl_ricover_224"	0.6608	4	TRUE	4	0	0	0	2	0	0	0	0	0	0	0	4	0	0	0	3	4	0	0	0
"dlbcl_ricover_1248"	0.674	4	TRUE	4	0	0	0	0	2	0	0	2	2	2	0	4	0	3	0	6	9	0	0	2
"dlbcl_ricover_215"	0.7018	4	TRUE	4	0	0	0	0	0	0	0	0	0	0	0	2	0	0	0	1	1	0	0	0
"dlbcl_ricover_685"	0.7166	4	TRUE	4	0	0	0	0	0	0	0	0	2	2	0	8	0	0	0	6	1	0	0	0
"dlbcl_c_d_1166_nullpair"	0.7192	4	TRUE	4	0	0	3	0	0	2	0	0	0	0	0	4	0	0	0	4	9	0	0	2
"dlbcl_mc_f089_mlb"	0.7202	4	TRUE	4	0	0	0	0	0	0	2	0	2	0	0	0	0	0	0	1	4	0	0	0
"dlbcl_c_d_1142_nullpair"	0.7376	4	TRUE	4	0	0	1	0	0	0	0	2	2	0	0	0	0	0	0	3	6	0	0	2
"dlbcl_ricover_1106"	0.7522	4	TRUE	4	0	0	0	0	0	0	4	0	8	2	0	6	0	0	0	5	8	0	0	2
"dlbcl_ricover_1293"	0.7704	4	TRUE	4	0	0	0	0	0	0	0	0	2	2	0	8	0	0	0	3	2	0	0	1
"dlbcl_ricover_720"	0.7836	4	TRUE	4	0	0	0	0	0	0	0	0	0	2	0	6	0	3	0	6	6	0	0	1
"dlbcl_c_d_1144_nullpair"	0.7888	4	TRUE	4	0	0	2	0	0	0	1	2	3	0	0	4	0	0	0	1	3	0	0	1
"dlbcl_ricover_583"	0.8004	4	TRUE	4	0	0	0	0	0	0	0	0	0	0	0	0	0	0	0	4	5	0	0	1
"dlbcl_mc_f519_alt"	0.8124	4	TRUE	4	0	0	0	0	2	0	0	0	0	0	0	2	0	0	0	1	5	0	1	1
"dlbcl_ricover_773"	0.8272	4	TRUE	4	0	0	0	0	0	4	0	0	0	2	0	4	0	0	0	4	3	0	0	1
"dlbcl_ricover_134"	0.866	4	TRUE	4	0	0	1	0	0	2	0	2	2	2	0	4	0	0	0	5	8	0	0	2
"dlbcl_ricover_1257"	0.8708	4	TRUE	4	0	0	0	0	0	0	2	0	2	0	0	2	0	0	0	2	5	0	1	2
"dlbcl_ls4085"	0.8726	4	TRUE	4	0	0	0	0	0	2	0	0	1	0	0	2	0	0	0	4	4	0	0	1
"dlbcl_ricover_712"	0.9268	4	TRUE	4	0	0	0	0	0	0	2	0	2	0	0	2	0	0	0	2	5	0	0	1
"dlbcl_ricover_417"	0.9328	4	TRUE	4	0	0	0	0	0	0	0	0	0	2	0	6	3	0	0	4	3	0	0	1
"dlbcl_ricover_543"	0.9376	4	TRUE	4	0	0	0	0	0	0	0	0	0	0	0	0	0	0	0	2	5	0	0	1
"dlbcl_c_d_1125_nullpair"	0.98	4	TRUE	4	0	1	0	0	0	0	0	0	2	2	0	6	0	0	0	3	6	0	0	1
"dlbcl_ls951"	0.3472	3	FALSE	5	2	0	0	1	0	0	0	6	6	0	0	0	0	0	1	5	0	1	0	0
"dlbcl_ricover_1081"	0.3518	2	FALSE	5	2	0	0	1	2	4	1	2	7	0	0	2	0	0	0	3	0	0	0	0
"dlbcl_ricover_711"	0.3966	1	FALSE	5	0	0	1	0	0	0	6	2	10	0	0	0	0	3	0	11	0	2	0	0
"dlbcl_ls2264"	0.411	2	FALSE	5	0	3	0	0	0	0	4	2	6	0	0	2	0	0	0	0	2	0	0	1
"dlbcl_ricover_342"	0.4274	5	TRUE	5	0	0	0	2	0	0	0	2	4	0	0	0	0	0	0	1	0	0	0	0
"dlbcl_ricover_102"	0.4306	5	TRUE	5	0	0	0	0	0	0	0	2	4	0	0	0	0	0	0	0	0	0	0	0
"dlbcl_ricover_1018"	0.4414	3	FALSE	5	0	0	1	1	0	0	5	6	13	0	0	0	0	0	0	15	3	1	0	0
"dlbcl_c_d_1138_nullpair"	0.4628	4	FALSE	5	0	0	0	4	0	0	4	0	4	0	0	0	0	0	0	3	4	0	0	1
"dlbcl_ricover_151"	0.4828	3	FALSE	5	0	0	3	2	0	0	4	2	11	0	0	0	0	0	1	9	1	1	0	0
"dlbcl_ricover_1299"	0.4848	5	TRUE	5	0	0	0	0	0	0	2	2	8	0	0	2	0	0	0	3	2	0	0	1
"dlbcl_c_d_1148_nullpair"	0.4992	5	TRUE	5	5	0	0	4	0	0	2	9	12	0	0	0	0	3	0	4	0	2	0	0
"dlbcl_ricover_597"	0.5126	4	FALSE	5	0	0	1	0	0	0	8	2	12	2	0	6	0	0	0	4	2	0	0	1
"dlbcl_ls3387"	0.5176	2	FALSE	5	2	5	0	4	1	2	10	4	16	0	0	0	0	0	0	2	0	0	0	0
"dlbcl_mayo_dlbcl_3653"	0.5192	4	FALSE	5	0	0	0	0	0	0	0	3	3	0	0	2	0	0	0	1	0	0	0	0
"dlbcl_ricover_866"	0.523	2	FALSE	5	0	5	0	8	0	6	6	8	20	0	0	0	0	0	0	10	0	2	0	0
"dlbcl_ricover_408"	0.5576	3	FALSE	5	0	0	0	2	0	0	0	2	4	0	0	0	0	0	2	7	2	2	0	0
"dlbcl_c_d_1151_nullpair"	0.587	5	TRUE	5	2	0	3	4	0	0	3	8	13	0	0	1	0	3	1	3	0	0	0	0
"dlbcl_c_d_1153_nullpair"	0.6354	5	TRUE	5	0	0	0	0	0	0	8	2	10	0	0	0	0	0	0	7	2	0	0	1
"dlbcl_ls3499"	0.6402	5	TRUE	5	2	0	0	0	0	0	5	2	7	0	0	0	0	0	0	3	0	2	0	0
"dlbcl_ricover_1045"	0.6408	5	TRUE	5	2	0	0	0	0	0	2	6	10	0	2	2	0	0	0	2	2	0	0	0
"dlbcl_ricover_617"	0.6636	5	TRUE	5	2	0	0	2	2	0	4	2	10	0	0	0	0	0	1	5	0	2	0	0
"dlbcl_ls2590"	0.6708	5	TRUE	5	0	0	0	0	0	2	3	4	11	0	0	0	0	0	0	2	1	0	0	0
"dlbcl_ls3808"	0.676	5	TRUE	5	0	0	0	0	0	0	0	4	4	0	0	0	0	0	0	0	0	0	0	0
"dlbcl_ricover_692"	0.7118	5	TRUE	5	2	0	0	2	2	0	7	4	17	0	0	2	0	0	0	6	1	2	0	0
"dlbcl_ricover_274"	0.7316	5	TRUE	5	0	0	2	0	0	0	10	2	14	2	0	2	0	0	0	6	0	0	0	0
"dlbcl_ls1899"	0.7352	5	TRUE	5	0	0	0	0	0	0	1	2	7	0	0	0	0	0	0	2	0	0	0	0
"dlbcl_mc_f139_ljf"	0.75	5	TRUE	5	2	0	0	0	0	2	4	14	23	0	0	2	0	0	1	6	0	1	0	0
"dlbcl_ricover_338"	0.7954	5	TRUE	5	2	0	0	0	0	0	0	4	8	0	0	0	0	0	0	1	0	0	0	0
"dlbcl_c_d_1109_nullpair"	0.8282	5	TRUE	5	4	0	0	0	0	0	5	2	8	0	0	0	0	0	0	1	0	1	0	0
"dlbcl_ricover_950"	0.8326	5	TRUE	5	0	0	0	2	0	0	3	4	9	0	0	0	0	0	0	0	0	0	0	0
"dlbcl_ricover_148"	0.8392	5	TRUE	5	0	0	1	0	0	0	0	6	8	0	0	0	0	0	0	5	0	0	0	0
"dlbcl_ricover_985"	0.8672	5	TRUE	5	0	0	0	0	0	0	0	8	11	0	0	0	0	0	0	5	0	1	0	0
"dlbcl_dfci_dlbcl_goe08"	0.8712	5	TRUE	5	4	0	0	0	2	0	4	4	10	0	0	0	0	0	0	1	0	0	0	0
"dlbcl_ricover_1138"	0.9044	5	TRUE	5	4	0	0	0	2	0	4	12	17	0	0	0	0	0	0	2	0	0	0	0
"dlbcl_ricover_1247"	0.9084	5	TRUE	5	0	0	0	0	0	0	3	4	9	0	0	2	0	0	0	0	0	0	0	0
"dlbcl_ls3271"	0.917	5	TRUE	5	0	0	0	0	0	0	7	6	17	0	0	2	0	0	0	1	0	0	0	0
"dlbcl_ricover_701"	0.9228	5	TRUE	5	0	0	0	0	1	0	2	6	10	0	0	0	0	0	0	0	0	0	0	0
"dlbcl_ricover_361"	0.9406	5	TRUE	5	0	0	0	0	0	0	0	6	8	0	0	0	0	0	0	0	0	0	0	0
